{"stat.craftItem.340":10,"stat.craftItem.69":6,"stat.useItem.355":9,"stat.useItem.359":10,"stat.craftItem.61":3,"stat.leaveGame":56,"stat.entityKilledBy.Witch":1,"stat.mineBlock.139":3,"stat.craftItem.339":126,"stat.mineBlock.14":5,"stat.mineBlock.13":24,"stat.mineBlock.16":35,"stat.mineBlock.15":27,"stat.craftItem.330":3,"stat.mineBlock.18":167,"stat.mineBlock.17":87,"stat.swimOneCm":139456,"stat.climbOneCm":1598,"stat.craftItem.72":2,"achievement.buildWorkBench":8,"stat.mineBlock.143":3,"stat.craftItem.324":6,"stat.craftItem.325":2,"achievement.exploreAllBiomes":{"value":0,"progress":["Birch Forest Hills","Sunflower Plains","Magical Forest","Birch Forest","Flower Forest","Extreme Hills M","Plains","Extreme Hills+ M","Eerie","Forest","River","Extreme Hills","Swampland","Swampland M","Hell"]},"stat.mineBlock.12":20,"stat.useItem.330":2,"stat.craftItem.364":10,"stat.craftItem.366":3,"stat.entityKilledBy.Spider":2,"stat.useItem.338":6,"stat.mineBlock.4":35,"stat.mineBlock.111":8,"stat.mineBlock.5":143,"achievement.diamonds":1,"stat.mineBlock.3":113,"stat.mineBlock.1":393,"achievement.botania:flowerPickup":45,"stat.killEntity.Enderman":1,"stat.craftItem.359":1,"stat.flyOneCm":179665,"achievement.buildPickaxe":18,"stat.craftItem.355":2,"stat.craftItem.96":6,"stat.craftItem.98":36,"achievement.buildBetterPickaxe":13,"stat.killEntity.Creeper":1,"stat.useItem.324":4,"stat.useItem.323":4,"stat.entityKilledBy.Skeleton":2,"achievement.buildSword":2,"achievement.mineWood":86,"stat.killEntity.Squid":8,"stat.useItem.87":3,"stat.craftItem.47":3,"stat.useItem.88":2,"stat.craftItem.320":2,"stat.breakItem.270":1,"stat.craftItem.323":3,"stat.breakItem.274":2,"achievement.openInventory":670,"stat.craftItem.44":6,"stat.mineBlock.153":4,"stat.entityKilledBy.Creeper":1,"achievement.killEnemy":37,"achievement.buildFurnace":3,"stat.craftItem.58":7,"stat.deaths":26,"stat.drop":628,"stat.useItem.96":5,"stat.playOneMinute":1154576,"stat.craftItem.50":100,"stat.killEntity.Sheep":5,"stat.mineBlock.170":1,"stat.craftItem.54":1,"stat.killEntity.Zombie":22,"stat.craftItem.306":1,"stat.diveOneCm":244342,"stat.craftItem.307":2,"stat.craftItem.308":1,"stat.craftItem.309":1,"stat.useItem.61":5,"achievement.buildHoe":218,"stat.killEntity.Slime":1,"stat.mineBlock.87":6,"stat.useItem.69":3,"stat.mineBlock.88":8,"stat.craftItem.297":14,"stat.useItem.72":2,"stat.jump":7500,"stat.fallOneCm":111191,"stat.craftItem.290":112,"stat.craftItem.291":1,"stat.craftItem.170":3,"achievement.killCow":5,"stat.craftItem.1":64,"achievement.makeBread":24,"stat.mineBlock.99":35,"stat.useItem.175":2,"stat.mineBlock.69":3,"stat.useItem.295":92,"stat.useItem.45":8,"stat.craftItem.5":544,"stat.damageTaken":25735,"stat.mineBlock.61":3,"stat.useItem.46":72,"stat.useItem.47":3,"stat.useItem.54":1,"stat.useItem.50":45,"stat.entityKilledBy.Zombie":15,"stat.damageDealt":11955,"stat.killEntity.Cow":2,"stat.mineBlock.72":1,"stat.killEntity.Pig":4,"stat.useItem.58":16,"stat.useItem.274":444,"stat.mineBlock.46":3,"stat.craftItem.263":6,"stat.useItem.275":49,"stat.mineBlock.48":4,"stat.craftItem.143":1,"stat.walkOneCm":5187837,"stat.craftItem.265":16,"stat.craftItem.267":1,"stat.playerKills":1,"achievement.botania:lexiconUse":5,"stat.craftItem.259":1,"stat.craftItem.139":6,"stat.mineBlock.45":8,"stat.mineBlock.58":13,"stat.craftItem.371":18,"stat.craftItem.257":5,"stat.mineBlock.100":40,"stat.mineBlock.50":22,"stat.craftItem.126":12,"stat.useItem.290":6,"stat.useItem.291":6,"stat.useItem.170":1,"stat.useItem.37":2,"stat.useItem.38":1,"stat.killEntity.Skeleton":8,"stat.craftItem.285":1,"stat.craftItem.286":1,"stat.useItem.257":157,"stat.useItem.139":3,"stat.useItem.259":3,"stat.killEntity.Chicken":9,"stat.craftItem.280":308,"stat.craftItem.281":8,"stat.craftItem.282":8,"stat.killEntity.Spider":3,"stat.mobKills":71,"stat.craftItem.272":1,"stat.craftItem.274":6,"stat.mineBlock.38":7,"stat.useItem.12":12,"stat.mineBlock.37":6,"stat.craftItem.275":1,"stat.useItem.143":5,"achievement.acquireIron":4,"stat.useItem.267":41,"stat.mineBlock.39":17,"stat.useItem.1":56,"stat.useItem.4":152,"stat.useItem.5":194,"stat.craftItem.270":5,"stat.useItem.3":155,"stat.useItem.17":1,"stat.useItem.270":167,"stat.useItem.13":15,"stat.mineBlock.31":244,"stat.useItem.272":23}