{"stat.killEntity.EntityHorse":4,"stat.leaveGame":25,"stat.killEntity.Blaze":11,"stat.mineBlock.139":6,"stat.mineBlock.14":85,"stat.mineBlock.13":164,"stat.mineBlock.16":2161,"stat.mineBlock.15":636,"stat.mineBlock.18":83,"stat.mineBlock.17":857,"stat.mineBlock.143":1,"stat.mineBlock.12":78,"stat.entityKilledBy.Spider":1,"achievement.diamonds":12,"achievement.botania:flowerPickup":396,"stat.killEntity.Enderman":4,"stat.mineBlock.112":60,"achievement.buildPickaxe":74,"stat.killEntity.Witch":13,"achievement.buildBetterPickaxe":70,"stat.mineBlock.175":39,"achievement.mineWood":858,"stat.useItem.87":1,"stat.useItem.85":1,"achievement.openInventory":1565,"stat.mineBlock.153":82,"stat.mineBlock.158":8,"stat.useItem.98":562,"achievement.ghast":2,"stat.deaths":24,"stat.playOneMinute":1551996,"stat.fishCaught":2,"stat.killEntity.Ghast":4,"stat.fallOneCm":290958,"achievement.killCow":59,"stat.craftItem.1":769,"stat.craftItem.5":988,"stat.entityKilledBy.Ghast":6,"achievement.botania:lexiconUse":11,"stat.killEntity.LavaSlime":18,"achievement.portal":29,"stat.useItem.6":35,"achievement.acquireIron":30,"stat.useItem.1":160,"stat.useItem.4":750,"stat.useItem.5":368,"stat.useItem.3":332,"stat.useItem.351":71,"stat.craftItem.340":48,"stat.useItem.355":5,"stat.craftItem.101":32,"stat.useItem.112":12,"stat.craftItem.345":1,"stat.useItem.359":76,"stat.useItem.116":1,"stat.craftItem.61":16,"stat.craftItem.336":220,"stat.craftItem.339":393,"stat.swimOneCm":206164,"stat.craftItem.333":6,"stat.climbOneCm":1543,"stat.craftItem.72":1,"achievement.buildWorkBench":19,"stat.craftItem.76":3,"stat.craftItem.77":1,"stat.craftItem.324":6,"stat.craftItem.325":3,"achievement.exploreAllBiomes":{"value":0,"progress":["Birch Forest Hills","Sunflower Plains","ForestHills","Magical Forest","Flower Forest","Birch Forest","Roofed Forest","Extreme Hills M","Plains","Extreme Hills+ M","Beach","Stone Beach","Eerie","Birch Forest M","Forest","River","Ocean","Extreme Hills","Swampland","Swampland M","Hell","Deep Ocean"]},"achievement.botania:daybloomPickup":4,"stat.useItem.331":13,"stat.craftItem.364":126,"stat.craftItem.366":20,"stat.useItem.338":67,"stat.mineBlock.4":132,"stat.mineBlock.5":36,"stat.mineBlock.3":703,"stat.mineBlock.1":3514,"stat.craftItem.116":1,"stat.craftItem.359":3,"stat.flyOneCm":1888047,"stat.craftItem.351":87,"stat.useItem.101":19,"stat.craftItem.355":2,"stat.craftItem.96":2,"stat.craftItem.98":572,"stat.craftItem.346":1,"stat.killEntity.Bat":2,"stat.craftItem.20":72,"stat.craftItem.24":1,"stat.killEntity.Creeper":26,"stat.useItem.324":2,"stat.useItem.323":10,"stat.entityKilledBy.Skeleton":7,"achievement.buildSword":30,"stat.killEntity.Squid":13,"stat.craftItem.47":15,"stat.craftItem.320":37,"stat.craftItem.323":9,"stat.breakItem.274":1,"stat.breakItem.275":2,"stat.craftItem.45":55,"stat.craftItem.44":6,"stat.entityKilledBy.Creeper":1,"achievement.killEnemy":492,"achievement.buildFurnace":30,"stat.craftItem.58":12,"stat.drop":858,"stat.craftItem.50":392,"stat.killEntity.Sheep":18,"stat.breakItem.267":3,"stat.craftItem.54":15,"stat.killEntity.Zombie":179,"stat.craftItem.306":1,"stat.diveOneCm":245568,"stat.craftItem.307":1,"stat.craftItem.308":2,"stat.craftItem.309":2,"stat.useItem.61":27,"achievement.buildHoe":2,"stat.breakItem.256":1,"stat.breakItem.258":3,"stat.breakItem.257":23,"stat.killEntity.Slime":12,"stat.mineBlock.82":59,"stat.mineBlock.87":49,"stat.mineBlock.86":4,"stat.mineBlock.89":29,"stat.mineBlock.88":24,"stat.useItem.76":20,"stat.craftItem.296":28,"stat.useItem.77":14,"stat.craftItem.297":94,"stat.useItem.72":1,"stat.jump":15953,"stat.craftItem.291":2,"stat.entityKilledBy.CaveSpider":1,"achievement.makeBread":187,"stat.mineBlock.98":16,"stat.mineBlock.99":2,"stat.useItem.175":21,"stat.useItem.295":318,"stat.useItem.45":56,"stat.boatOneCm":152164,"achievement.blazeRod":6,"stat.damageTaken":66607,"stat.mineBlock.61":15,"stat.useItem.47":15,"stat.mineBlock.66":3,"stat.useItem.49":22,"stat.useItem.54":15,"stat.killEntity.CaveSpider":32,"stat.useItem.50":353,"stat.entityKilledBy.Zombie":3,"stat.damageDealt":136930,"stat.killEntity.Cow":90,"stat.mineBlock.72":1,"stat.killEntity.Pig":22,"stat.mineBlock.73":100,"stat.mineBlock.76":12,"stat.useItem.58":20,"stat.mineBlock.77":11,"stat.useItem.274":174,"stat.craftItem.261":4,"stat.useItem.20":27,"stat.useItem.273":100,"stat.craftItem.262":60,"stat.craftItem.263":83,"stat.mineBlock.49":40,"stat.useItem.275":384,"stat.mineBlock.48":33,"stat.walkOneCm":10235157,"stat.craftItem.265":326,"stat.useItem.278":78,"stat.craftItem.266":76,"stat.craftItem.267":5,"stat.craftItem.268":1,"stat.useItem.158":9,"stat.craftItem.389":2,"stat.craftItem.380":1,"achievement.enchantments":2,"stat.craftItem.258":7,"stat.craftItem.379":3,"stat.craftItem.259":1,"stat.craftItem.139":24,"stat.mineBlock.45":3,"stat.mineBlock.58":12,"stat.useItem.31":2,"stat.craftItem.371":37,"stat.craftItem.374":3,"stat.craftItem.256":4,"stat.craftItem.257":28,"stat.mineBlock.50":20,"stat.craftItem.126":12,"stat.useItem.39":1,"stat.useItem.291":50,"stat.useItem.37":1,"stat.mineBlock.56":8,"stat.useItem.38":9,"stat.killEntity.Skeleton":120,"stat.useItem.256":649,"stat.useItem.258":1303,"stat.useItem.379":2,"stat.useItem.257":6104,"stat.useItem.139":30,"stat.useItem.259":3,"stat.killEntity.Chicken":27,"stat.craftItem.280":292,"stat.craftItem.281":8,"stat.craftItem.282":2,"stat.killEntity.Spider":50,"stat.mobKills":676,"stat.mineBlock.21":44,"stat.useItem.380":1,"stat.craftItem.272":7,"stat.craftItem.393":2,"stat.craftItem.273":1,"stat.craftItem.274":9,"stat.mineBlock.38":16,"stat.craftItem.395":1,"stat.craftItem.275":3,"stat.mineBlock.37":9,"stat.useItem.267":973,"stat.mineBlock.39":13,"stat.craftItem.278":1,"stat.useItem.268":212,"stat.craftItem.158":1,"stat.useItem.389":2,"stat.craftItem.270":2,"stat.craftItem.271":2,"stat.useItem.17":115,"stat.mineBlock.30":126,"stat.useItem.270":64,"stat.useItem.13":4,"stat.useItem.391":19,"stat.mineBlock.31":1180,"stat.useItem.272":360,"stat.useItem.271":5}