{"stat.useItem.274":17,"stat.walkOneCm":279773,"stat.craftItem.267":1,"stat.leaveGame":7,"stat.craftItem.258":1,"stat.mineBlock.13":5,"stat.mineBlock.16":3,"stat.mineBlock.17":28,"stat.jump":523,"stat.swimOneCm":712,"stat.craftItem.257":2,"stat.fallOneCm":13894,"achievement.mineWood":23,"achievement.exploreAllBiomes":{"value":0,"progress":["ForestHills","Birch Forest","River","Plains"]},"stat.killEntity.Skeleton":1,"stat.craftItem.366":3,"stat.useItem.258":24,"stat.useItem.257":225,"stat.craftItem.5":20,"achievement.openInventory":4,"stat.killEntity.Chicken":3,"stat.craftItem.280":18,"stat.damageTaken":4105,"stat.mineBlock.3":7,"stat.mineBlock.1":216,"stat.mobKills":7,"stat.flyOneCm":30999,"stat.craftItem.274":1,"stat.deaths":3,"stat.useItem.267":11,"stat.drop":66,"stat.useItem.50":10,"stat.playOneMinute":135459,"stat.entityKilledBy.Zombie":1,"stat.craftItem.50":20,"stat.useItem.4":16,"stat.craftItem.270":1,"stat.useItem.3":25,"stat.damageDealt":1390,"stat.killEntity.Zombie":2,"stat.mineBlock.73":22,"stat.useItem.270":18,"stat.mineBlock.31":10,"stat.diveOneCm":270}