{"stat.craftItem.69":2,"stat.useItem.355":8,"stat.useItem.61":5,"stat.useItem.359":3,"stat.craftItem.61":5,"stat.horseOneCm":4720,"stat.leaveGame":12,"stat.breakItem.257":2,"stat.mineBlock.14":13,"stat.mineBlock.16":37,"stat.mineBlock.15":51,"stat.mineBlock.18":20,"stat.mineBlock.17":71,"stat.jump":2125,"stat.swimOneCm":4819,"stat.fallOneCm":48239,"achievement.buildWorkBench":2,"stat.craftItem.76":2,"stat.craftItem.77":4,"stat.craftItem.1":4,"stat.craftItem.324":1,"achievement.exploreAllBiomes":{"value":0,"progress":["ForestHills","Birch Forest","River","Forest","Plains"]},"stat.craftItem.364":6,"stat.craftItem.366":1,"stat.entityKilledBy.Spider":1,"stat.craftItem.5":284,"stat.damageTaken":1305,"stat.mineBlock.5":34,"achievement.diamonds":5,"stat.mineBlock.3":40,"stat.mineBlock.1":529,"stat.mineBlock.61":3,"stat.craftItem.359":2,"stat.useItem.54":4,"stat.flyOneCm":316736,"stat.useItem.50":43,"stat.craftItem.355":2,"achievement.buildPickaxe":9,"stat.killEntity.Witch":1,"stat.damageDealt":6690,"achievement.buildBetterPickaxe":9,"stat.killEntity.Cow":24,"stat.killEntity.Pig":14,"stat.mineBlock.73":21,"stat.useItem.58":5,"stat.useItem.274":252,"stat.useItem.275":154,"stat.walkOneCm":638780,"stat.craftItem.265":31,"stat.mineBlock.175":4,"stat.killEntity.Creeper":1,"stat.mineBlock.58":2,"stat.useItem.324":3,"stat.craftItem.257":5,"stat.entityKilledBy.Skeleton":1,"achievement.mineWood":60,"stat.mineBlock.56":5,"stat.killEntity.Skeleton":3,"stat.craftItem.320":24,"stat.breakItem.270":2,"stat.useItem.257":676,"stat.breakItem.274":2,"achievement.openInventory":61,"stat.breakItem.275":1,"stat.killEntity.Chicken":1,"stat.craftItem.280":56,"stat.killEntity.Spider":1,"stat.mobKills":50,"stat.mineBlock.21":5,"achievement.buildFurnace":3,"stat.craftItem.58":3,"stat.craftItem.274":2,"stat.craftItem.275":2,"stat.mineBlock.37":5,"stat.deaths":2,"achievement.acquireIron":5,"stat.drop":60,"stat.playOneMinute":135665,"stat.craftItem.50":88,"stat.killEntity.Sheep":3,"stat.useItem.4":16,"stat.useItem.5":146,"stat.craftItem.270":1,"stat.craftItem.54":3,"stat.useItem.3":40,"stat.killEntity.Zombie":2,"stat.useItem.270":99,"stat.mineBlock.31":68,"stat.diveOneCm":1420}