{"stat.killEntity.Skeleton":1,"stat.walkOneCm":53747,"achievement.openInventory":4,"stat.craftItem.5":28,"stat.horseOneCm":92222,"stat.leaveGame":1,"stat.damageTaken":290,"stat.killEntity.Spider":1,"stat.mineBlock.5":2,"stat.mobKills":2,"stat.flyOneCm":8559,"stat.mineBlock.38":1,"stat.mineBlock.18":1,"stat.mineBlock.17":7,"stat.useItem.50":2,"stat.jump":117,"stat.swimOneCm":1173,"stat.playOneMinute":10104,"stat.fallOneCm":2922,"stat.useItem.5":27,"stat.damageDealt":260,"achievement.mineWood":7,"stat.mineBlock.50":2,"achievement.exploreAllBiomes":{"value":0,"progress":["ForestHills","Extreme Hills+","River","Plains","Extreme Hills"]},"stat.mineBlock.31":4,"stat.diveOneCm":357}