{"stat.flyOneCm":8841,"stat.deaths":8,"stat.walkOneCm":536657,"stat.useItem.50":1,"stat.drop":15,"stat.jump":369,"stat.swimOneCm":12029,"stat.useItem.257":2,"stat.playOneMinute":48452,"stat.useItem.139":5,"stat.fallOneCm":10047,"achievement.openInventory":3,"stat.climbOneCm":11753,"stat.leaveGame":1,"stat.damageTaken":6315,"stat.entityKilledBy.PigZombie":2,"stat.damageDealt":125,"stat.mineBlock.50":2,"achievement.fpinstall":11,"stat.entityKilledBy.Enderman":1,"stat.mineBlock.139":2,"achievement.exploreAllBiomes":{"value":0,"progress":["Plains","Taiga","Hell"]},"stat.diveOneCm":16573}