{"stat.useItem.351":12,"stat.craftItem.340":1,"stat.useItem.355":24,"stat.craftItem.101":16,"stat.craftItem.102":272,"stat.useItem.116":2,"stat.craftItem.61":28,"stat.craftItem.67":40,"stat.leaveGame":44,"stat.craftItem.65":3,"stat.craftItem.336":8,"stat.killEntity.Blaze":2,"stat.mineBlock.139":11,"stat.craftItem.339":3,"stat.mineBlock.13":43,"stat.mineBlock.18":1901,"stat.killEntity.PigZombie":2,"stat.mineBlock.17":410,"stat.useItem.126":1372,"stat.swimOneCm":61178,"stat.climbOneCm":129021,"stat.craftItem.72":3,"achievement.buildWorkBench":71,"stat.craftItem.77":1,"stat.entityKilledBy.PigZombie":1,"achievement.ae2.ChargedQuartz":3,"stat.ae2.ItemsExtracted":819,"stat.craftItem.324":17,"stat.craftItem.325":1,"achievement.exploreAllBiomes":{"value":0,"progress":["Magical Forest","Plains","Taiga","Hell"]},"stat.useItem.331":24,"stat.entityKilledBy.Spider":2,"stat.craftItem.85":4,"stat.useItem.338":1,"stat.mineBlock.4":390,"stat.mineBlock.5":88,"achievement.diamonds":7,"stat.mineBlock.3":10,"stat.mineBlock.1":1,"stat.killEntity.Enderman":14,"stat.craftItem.116":1,"stat.mineBlock.116":1,"stat.mineBlock.6":3,"stat.flyOneCm":290166,"stat.useItem.102":284,"achievement.buildPickaxe":11,"stat.craftItem.355":2,"stat.killEntity.Witch":3,"stat.useItem.107":1,"achievement.buildBetterPickaxe":9,"stat.mineBlock.126":107,"stat.craftItem.107":1,"stat.craftItem.29":2,"stat.craftItem.20":82,"stat.killEntity.Creeper":30,"stat.ae2.ItemsInserted":3782,"stat.useItem.324":20,"stat.useItem.323":39,"stat.craftItem.35":21,"stat.entityKilledBy.Skeleton":3,"stat.craftItem.33":5,"achievement.buildSword":9,"achievement.mineWood":397,"achievement.fpinstall":114,"achievement.ae2.StorageBus":2,"stat.useItem.82":5,"stat.breakItem.272":3,"stat.breakItem.271":8,"stat.craftItem.323":15,"stat.useItem.85":3,"stat.breakItem.274":4,"achievement.openInventory":617,"stat.craftItem.45":2,"stat.craftItem.44":1134,"stat.entityKilledBy.Creeper":6,"achievement.killEnemy":188,"achievement.buildFurnace":55,"stat.craftItem.58":41,"stat.deaths":65,"stat.drop":845,"stat.useItem.96":1,"stat.playOneMinute":3463544,"stat.craftItem.50":52,"stat.craftItem.54":48,"stat.breakItem.268":1,"stat.killEntity.Zombie":65,"achievement.ae2.StorageCell":1,"stat.diveOneCm":162144,"stat.useItem.65":8,"stat.useItem.67":40,"stat.useItem.61":25,"stat.mineBlock.82":5,"stat.entityKilledBy.Celebrity":2,"stat.craftItem.297":9,"stat.useItem.72":4,"stat.jump":4496,"stat.killEntity.Celebrity":6,"stat.fallOneCm":133294,"stat.craftItem.1":9,"stat.mineBlock.69":1,"stat.useItem.295":8,"stat.useItem.44":584,"stat.craftItem.5":1516,"achievement.blazeRod":1,"stat.damageTaken":72864,"stat.mineBlock.61":1,"stat.mineBlock.67":8,"stat.useItem.54":71,"stat.useItem.50":248,"stat.entityKilledBy.Zombie":7,"stat.damageDealt":60921,"stat.mineBlock.72":2,"stat.useItem.58":1,"stat.useItem.274":605,"stat.craftItem.261":1,"stat.useItem.397":13,"stat.useItem.275":104,"stat.walkOneCm":12151685,"stat.craftItem.265":24,"stat.useItem.278":2,"stat.playerKills":12,"stat.craftItem.380":1,"achievement.enchantments":1,"stat.craftItem.259":1,"stat.craftItem.139":54,"stat.mineBlock.44":371,"stat.craftItem.371":45,"achievement.ae2.Fluix":3,"stat.craftItem.257":2,"stat.mineBlock.102":20,"stat.craftItem.126":1362,"stat.mineBlock.50":70,"stat.entityKilledBy.Enderman":3,"stat.mineBlock.54":71,"stat.useItem.372":6,"stat.killEntity.Skeleton":45,"stat.useItem.257":295,"achievement.portal":6,"stat.useItem.139":24,"stat.useItem.259":22,"stat.craftItem.280":130,"stat.killEntity.Spider":20,"stat.mobKills":220,"stat.craftItem.272":5,"stat.useItem.6":67,"stat.craftItem.274":2,"stat.useItem.12":19,"stat.craftItem.275":1,"achievement.acquireIron":9,"stat.useItem.267":16,"stat.craftItem.278":1,"stat.useItem.268":102,"stat.useItem.1":7,"stat.useItem.4":4838,"stat.useItem.5":265,"stat.craftItem.270":1,"stat.useItem.3":6,"stat.craftItem.271":5,"stat.breakItem.301":1,"stat.useItem.17":1,"stat.useItem.13":148,"stat.useItem.270":35,"stat.useItem.272":487,"achievement.ae2.Networking1":1,"stat.useItem.271":358}