{"stat.useItem.351":20,"stat.useItem.67":11,"stat.useItem.61":4,"stat.craftItem.102":32,"stat.craftItem.61":8,"stat.craftItem.67":8,"stat.leaveGame":3,"stat.mineBlock.81":3,"stat.entityKilledBy.Celebrity":1,"stat.craftItem.297":3,"stat.swimOneCm":918,"stat.jump":40,"stat.useItem.126":2,"stat.fallOneCm":5520,"stat.craftItem.72":1,"achievement.buildWorkBench":1,"stat.entityKilledBy.PigZombie":1,"achievement.exploreAllBiomes":{"value":0,"progress":["Plains","Taiga"]},"stat.useItem.42":1,"stat.entityKilledBy.Spider":1,"stat.craftItem.5":68,"stat.damageTaken":5940,"stat.mineBlock.4":1,"stat.mineBlock.3":25,"achievement.botania:flowerPickup":5,"stat.mineBlock.61":1,"stat.mineBlock.67":6,"stat.useItem.54":1,"stat.craftItem.351":48,"stat.flyOneCm":3999,"stat.useItem.102":16,"stat.useItem.50":1,"stat.damageDealt":460,"stat.mineBlock.126":2,"stat.useItem.58":1,"stat.craftItem.265":2,"stat.walkOneCm":624742,"stat.craftItem.20":23,"stat.mineBlock.175":1,"stat.useItem.323":1,"stat.craftItem.35":35,"stat.craftItem.33":3,"stat.breakItem.317":1,"achievement.mineWood":2,"stat.mineBlock.102":2,"stat.mineBlock.50":2,"stat.craftItem.126":48,"achievement.fpinstall":8,"stat.entityKilledBy.Enderman":2,"stat.mineBlock.54":1,"stat.useItem.35":1,"achievement.openInventory":146,"stat.craftItem.280":8,"stat.craftItem.44":6,"stat.mineBlock.35":1,"stat.mineBlock.38":14,"stat.craftItem.58":1,"stat.mineBlock.37":15,"stat.deaths":5,"stat.craftItem.154":1,"stat.useItem.267":1,"stat.drop":168,"stat.playOneMinute":307466,"stat.useItem.1":1,"stat.useItem.4":1,"stat.useItem.5":2,"stat.craftItem.54":7,"stat.useItem.3":25,"stat.mineBlock.31":268}