{"stat.useItem.372":16,"stat.walkOneCm":273747,"stat.playerKills":1,"stat.useItem.257":4,"achievement.openInventory":4,"stat.useItem.81":2,"stat.useItem.338":4,"stat.leaveGame":1,"stat.damageTaken":1295,"stat.mineBlock.4":9,"stat.killEntity.Enderman":1,"stat.mobKills":1,"stat.mineBlock.139":1,"stat.flyOneCm":36997,"stat.deaths":3,"stat.drop":15,"stat.jump":320,"stat.swimOneCm":930,"stat.playOneMinute":35728,"stat.fallOneCm":4734,"stat.climbOneCm":4309,"stat.useItem.4":19,"stat.entityKilledBy.PigZombie":1,"stat.damageDealt":995,"stat.mineBlock.50":1,"achievement.fpinstall":5,"achievement.exploreAllBiomes":{"value":0,"progress":["Plains","Taiga","Hell"]},"stat.diveOneCm":1400}