{"stat.useItem.351":407,"stat.craftItem.69":1,"stat.useItem.355":3,"stat.craftItem.102":208,"stat.useItem.116":1,"stat.craftItem.61":14,"stat.craftItem.67":316,"stat.leaveGame":102,"stat.craftItem.65":24,"stat.craftItem.336":24,"stat.mineBlock.139":3,"stat.mineBlock.13":3,"stat.mineBlock.18":2569,"stat.killEntity.PigZombie":3,"stat.craftItem.331":216,"stat.mineBlock.17":444,"stat.useItem.126":1155,"stat.swimOneCm":94863,"stat.climbOneCm":92444,"achievement.buildWorkBench":7,"stat.entityKilledBy.PigZombie":4,"stat.ae2.ItemsExtracted":345,"stat.craftItem.324":3,"stat.craftItem.325":3,"achievement.exploreAllBiomes":{"value":0,"progress":["Plains","Taiga","Hell"]},"stat.mineBlock.12":39,"tconstruct.smelteryMaker":85,"stat.useItem.331":4,"stat.entityKilledBy.Spider":3,"stat.craftItem.85":198,"stat.useItem.338":30,"stat.mineBlock.4":512,"stat.mineBlock.110":1,"stat.mineBlock.5":285,"achievement.diamonds":2,"stat.mineBlock.3":232,"stat.killEntity.Enderman":9,"stat.mineBlock.116":1,"stat.craftItem.359":6,"stat.mineBlock.6":34,"stat.flyOneCm":1597123,"stat.craftItem.351":17129,"stat.useItem.102":124,"achievement.buildPickaxe":7,"stat.craftItem.96":2,"stat.killEntity.Witch":3,"achievement.buildBetterPickaxe":7,"stat.mineBlock.126":274,"stat.craftItem.20":162,"stat.killEntity.Creeper":49,"stat.ae2.ItemsInserted":75,"tconstruct.beginner":2,"stat.useItem.324":7,"stat.useItem.323":3,"stat.craftItem.35":35,"stat.entityKilledBy.Skeleton":8,"stat.craftItem.33":7,"achievement.buildSword":6,"achievement.mineWood":555,"achievement.fpinstall":196,"stat.useItem.87":28,"stat.useItem.88":118,"stat.useItem.82":40,"stat.craftItem.320":47,"stat.breakItem.272":3,"stat.breakItem.271":2,"stat.useItem.85":89,"stat.craftItem.323":6,"achievement.openInventory":1612,"stat.craftItem.42":1,"stat.breakItem.275":5,"stat.useItem.81":20,"stat.craftItem.44":3846,"stat.entityKilledBy.Creeper":3,"achievement.killEnemy":195,"achievement.buildFurnace":13,"stat.craftItem.58":5,"stat.deaths":89,"stat.drop":1505,"stat.useItem.96":1,"stat.playOneMinute":3409812,"stat.craftItem.50":344,"stat.killEntity.Sheep":1,"stat.craftItem.54":66,"stat.killEntity.Zombie":66,"stat.diveOneCm":432648,"stat.useItem.65":28,"stat.useItem.67":131,"stat.useItem.61":5,"achievement.buildHoe":1,"stat.mineBlock.81":6,"stat.mineBlock.82":40,"stat.mineBlock.85":37,"stat.mineBlock.87":28,"stat.useItem.69":2,"stat.entityKilledBy.Celebrity":2,"stat.mineBlock.88":69,"stat.craftItem.297":54,"stat.useItem.72":1,"stat.jump":10429,"stat.killEntity.Celebrity":15,"stat.fallOneCm":248584,"stat.craftItem.293":1,"stat.craftItem.1":143,"stat.mineBlock.69":2,"stat.useItem.295":81,"stat.useItem.44":5082,"stat.craftItem.5":3315,"stat.damageTaken":190780,"stat.mineBlock.61":3,"stat.mineBlock.65":7,"stat.mineBlock.67":12,"stat.useItem.54":49,"stat.useItem.50":329,"stat.entityKilledBy.Zombie":3,"achievement.fpmakecountertop":1,"stat.damageDealt":65065,"stat.useItem.58":1,"stat.useItem.274":231,"stat.useItem.273":65,"stat.useItem.397":4,"stat.useItem.275":744,"stat.craftItem.143":2,"stat.walkOneCm":10967046,"stat.craftItem.265":121,"stat.useItem.278":160,"stat.playerKills":8,"stat.craftItem.381":1,"stat.craftItem.259":2,"stat.mineBlock.42":1,"stat.mineBlock.44":630,"stat.mineBlock.58":1,"stat.craftItem.257":2,"stat.mineBlock.103":2,"stat.mineBlock.102":1,"stat.mineBlock.50":103,"stat.craftItem.126":1215,"stat.entityKilledBy.Enderman":13,"stat.mineBlock.54":20,"stat.useItem.293":56,"stat.useItem.372":49,"stat.killEntity.Skeleton":55,"stat.useItem.139":3,"stat.useItem.259":64,"stat.killEntity.Chicken":1,"stat.craftItem.280":996,"stat.killEntity.Spider":22,"stat.mobKills":251,"stat.entityKilledBy.Blizz":2,"stat.craftItem.272":5,"stat.craftItem.273":1,"stat.craftItem.152":2,"stat.useItem.6":113,"stat.craftItem.274":3,"stat.useItem.12":230,"stat.craftItem.275":12,"achievement.acquireIron":3,"stat.mineBlock.39":1,"stat.useItem.268":19,"stat.useItem.4":2189,"stat.useItem.5":1025,"stat.craftItem.390":10,"stat.craftItem.270":1,"stat.craftItem.271":4,"stat.useItem.3":582,"stat.useItem.17":143,"stat.useItem.13":474,"stat.useItem.270":1,"stat.useItem.272":487,"stat.useItem.271":216}