{"stat.pigOneCm":76342,"stat.leaveGame":52,"stat.killEntity.Blaze":9,"stat.mineBlock.139":12,"stat.mineBlock.13":8,"stat.mineBlock.18":2824,"stat.mineBlock.17":259,"stat.entityKilledBy.PigZombie":8,"achievement.theFirstStep":1,"stat.mineBlock.12":26,"stat.entityKilledBy.Spider":2,"stat.mineBlock.112":5,"stat.killEntity.Enderman":21,"achievement.buildPickaxe":10,"stat.killEntity.Witch":1,"achievement.buildBetterPickaxe":10,"stat.mineBlock.126":30,"achievement.mineWood":278,"achievement.fpinstall":257,"achievement.openInventory":2159,"stat.deaths":170,"stat.useItem.96":2,"stat.playOneMinute":2908891,"stat.entityKilledBy.Celebrity":3,"stat.fallOneCm":287346,"stat.craftItem.1":82,"stat.craftItem.5":892,"stat.killEntity.LavaSlime":13,"stat.entityKilledBy.Enderman":29,"stat.useItem.6":65,"achievement.acquireIron":14,"stat.useItem.4":4885,"stat.useItem.5":526,"stat.useItem.3":14,"stat.entityKilledBy.Blaze":5,"stat.useItem.351":89,"stat.craftItem.69":21,"stat.craftItem.340":1,"stat.useItem.355":12,"stat.craftItem.102":32,"stat.craftItem.61":4,"stat.craftItem.67":4,"stat.craftItem.65":6,"stat.entityKilledBy.Witch":1,"stat.craftItem.339":6,"stat.useItem.362":3,"stat.useItem.126":217,"stat.swimOneCm":181237,"stat.climbOneCm":395897,"achievement.buildWorkBench":4,"achievement.ae2.ChargedQuartz":3,"stat.ae2.ItemsExtracted":2704,"stat.craftItem.325":2,"achievement.exploreAllBiomes":{"value":0,"progress":["ForestHills","Magical Forest","Plains","Taiga","Hell"]},"stat.useItem.331":1,"stat.craftItem.366":1,"stat.useItem.338":7,"stat.mineBlock.4":481,"stat.mineBlock.5":361,"stat.mineBlock.3":3,"stat.flyOneCm":372656,"stat.craftItem.351":85,"stat.useItem.102":1,"stat.craftItem.355":11,"stat.craftItem.96":2,"stat.craftItem.346":1,"stat.killEntity.Blizz":2,"stat.killEntity.Bat":1,"stat.craftItem.420":6,"stat.craftItem.29":2,"stat.craftItem.20":127,"stat.craftItem.24":16,"stat.killEntity.Creeper":14,"stat.ae2.ItemsInserted":27374,"stat.useItem.324":3,"stat.useItem.323":7,"stat.craftItem.35":39,"stat.entityKilledBy.Skeleton":20,"stat.craftItem.33":7,"stat.craftItem.47":2,"stat.breakItem.270":1,"stat.breakItem.271":3,"stat.craftItem.323":27,"stat.breakItem.274":4,"stat.breakItem.275":1,"stat.breakItem.398":1,"stat.craftItem.44":246,"stat.entityKilledBy.Creeper":3,"achievement.ae2.CraftingTerminal":1,"achievement.buildFurnace":1,"stat.craftItem.58":3,"stat.drop":3727,"stat.craftItem.50":64,"stat.killEntity.Sheep":2,"stat.craftItem.54":9,"stat.killEntity.Zombie":47,"stat.diveOneCm":295786,"stat.useItem.65":20,"stat.useItem.67":1,"stat.useItem.61":2,"achievement.buildHoe":1,"stat.mineBlock.81":11,"stat.useItem.69":22,"stat.craftItem.297":2,"stat.jump":9423,"stat.killEntity.Celebrity":4,"stat.craftItem.290":1,"stat.useItem.79":1,"stat.mineBlock.69":3,"stat.useItem.295":16,"stat.useItem.44":810,"stat.damageTaken":146937,"stat.mineBlock.65":12,"stat.useItem.47":2,"stat.useItem.54":8,"stat.useItem.50":294,"stat.entityKilledBy.Zombie":14,"stat.damageDealt":32865,"stat.useItem.58":1,"stat.useItem.274":588,"stat.craftItem.263":8,"stat.useItem.397":10,"stat.useItem.275":89,"stat.craftItem.264":7,"stat.walkOneCm":18948659,"stat.craftItem.265":157,"stat.craftItem.266":87,"stat.playerKills":2,"stat.useItem.24":1,"stat.mineBlock.44":42,"stat.craftItem.371":43,"stat.mineBlock.58":1,"stat.useItem.287":1,"stat.craftItem.374":3,"achievement.ae2.Fluix":2,"stat.breakItem.315":1,"stat.breakItem.316":1,"stat.mineBlock.103":6,"stat.mineBlock.102":1,"stat.mineBlock.50":60,"stat.craftItem.126":78,"stat.useItem.290":15,"stat.useItem.35":5,"stat.useItem.291":17,"stat.useItem.372":19,"stat.killEntity.Skeleton":36,"stat.useItem.257":57,"stat.useItem.139":12,"stat.useItem.259":18,"stat.craftItem.280":176,"stat.killEntity.Spider":15,"stat.breakItem.306":1,"stat.breakItem.309":1,"stat.mobKills":188,"stat.mineBlock.35":4,"stat.craftItem.152":3,"stat.craftItem.274":6,"stat.mineBlock.38":2,"stat.useItem.12":100,"stat.craftItem.154":1,"stat.mineBlock.37":1,"stat.useItem.267":15,"stat.craftItem.398":1,"stat.craftItem.270":1,"stat.craftItem.271":4,"stat.useItem.17":6,"stat.useItem.270":86,"stat.useItem.13":61,"stat.useItem.272":8,"stat.useItem.271":239,"stat.useItem.392":15}