{"stat.leaveGame":18,"stat.killEntity.Blaze":33,"stat.mineBlock.139":32,"stat.mineBlock.13":3,"stat.mineBlock.18":444,"stat.killEntity.PigZombie":34,"stat.mineBlock.17":472,"stat.entityKilledBy.PigZombie":6,"achievement.theFirstStep":3,"stat.mineBlock.12":6,"stat.entityKilledBy.Spider":25,"achievement.diamondsToYou":1,"stat.mineBlock.110":10,"achievement.diamonds":31,"stat.mineBlock.114":2,"achievement.botania:flowerPickup":23,"stat.killEntity.Enderman":104,"stat.mineBlock.112":350,"stat.mineBlock.113":2,"achievement.buildPickaxe":18,"stat.killEntity.Witch":15,"achievement.buildBetterPickaxe":18,"stat.mineBlock.126":915,"stat.mineBlock.175":28,"achievement.mineWood":619,"achievement.fpinstall":249,"achievement.ae2.StorageBus":1,"stat.useItem.88":33,"stat.useItem.82":244,"stat.useItem.85":53,"achievement.openInventory":2437,"stat.useItem.81":34,"stat.mineBlock.154":17,"stat.mineBlock.152":1,"stat.deaths":220,"stat.useItem.96":4,"stat.playOneMinute":3927116,"stat.entityKilledBy.Celebrity":4,"stat.fallOneCm":378274,"stat.craftItem.1":133,"stat.craftItem.5":9791,"achievement.bakeCake":2,"stat.killEntity.LavaSlime":99,"stat.entityKilledBy.Enderman":24,"achievement.portal":62,"stat.useItem.6":68,"achievement.acquireIron":110,"stat.useItem.1":8,"stat.useItem.4":6284,"stat.useItem.5":2385,"stat.useItem.3":262,"stat.entityKilledBy.Blaze":4,"stat.useItem.351":597,"stat.craftItem.340":6,"stat.craftItem.69":125,"stat.useItem.355":1,"stat.craftItem.101":80,"stat.useItem.112":233,"stat.craftItem.102":160,"stat.craftItem.61":95,"stat.craftItem.67":40,"stat.craftItem.65":144,"stat.entityKilledBy.Witch":3,"stat.craftItem.339":174,"stat.useItem.362":4,"stat.useItem.361":1,"stat.craftItem.331":633,"stat.swimOneCm":229598,"stat.useItem.126":2129,"stat.climbOneCm":284027,"stat.craftItem.72":1,"achievement.buildWorkBench":43,"achievement.ae2.ChargedQuartz":3,"stat.ae2.ItemsExtracted":14399,"stat.craftItem.325":8,"achievement.exploreAllBiomes":{"value":0,"progress":["ForestHills","Magical Forest","Plains","Taiga","Hell"]},"stat.craftItem.362":2,"stat.useItem.331":1,"stat.craftItem.85":328,"stat.useItem.338":7,"stat.mineBlock.4":915,"stat.mineBlock.5":188,"stat.mineBlock.3":25,"stat.mineBlock.1":14,"stat.craftItem.357":80,"stat.mineBlock.6":1,"stat.flyOneCm":3438036,"stat.craftItem.351":2327,"stat.useItem.102":10,"stat.craftItem.354":0,"stat.craftItem.96":6,"stat.killEntity.Blizz":1,"stat.killEntity.Bat":1,"stat.craftItem.420":2,"stat.craftItem.29":0,"stat.craftItem.20":176,"stat.craftItem.24":9,"stat.craftItem.22":4,"stat.killEntity.Creeper":100,"stat.ae2.ItemsInserted":109388,"stat.useItem.324":2,"stat.useItem.323":55,"stat.craftItem.35":64,"stat.entityKilledBy.Skeleton":31,"stat.craftItem.33":64,"achievement.buildSword":89,"stat.craftItem.406":72,"stat.craftItem.47":2,"stat.breakItem.272":3,"stat.craftItem.323":72,"stat.craftItem.42":40,"stat.breakItem.275":5,"stat.craftItem.46":32,"stat.craftItem.44":4696,"stat.entityKilledBy.Creeper":5,"achievement.killEnemy":1775,"achievement.buildFurnace":186,"stat.craftItem.58":23,"stat.drop":4344,"stat.breakItem.261":1,"stat.craftItem.53":156,"stat.craftItem.50":588,"stat.killEntity.Sheep":1,"stat.breakItem.267":1,"stat.craftItem.54":298,"stat.killEntity.Zombie":268,"achievement.ae2.StorageCell":38,"stat.diveOneCm":256718,"stat.useItem.65":129,"stat.useItem.67":28,"achievement.buildHoe":12,"achievement.fpmakegrill":1,"stat.mineBlock.81":30,"stat.mineBlock.82":244,"stat.mineBlock.85":53,"stat.useItem.69":69,"stat.mineBlock.88":41,"stat.craftItem.173":21,"stat.craftItem.297":101,"stat.useItem.72":15,"stat.jump":20066,"stat.killEntity.Celebrity":28,"stat.craftItem.291":4,"stat.craftItem.293":1,"achievement.makeBread":224,"stat.useItem.79":116,"stat.mineBlock.69":3,"stat.useItem.295":72,"stat.useItem.44":1351,"achievement.blazeRod":29,"stat.damageTaken":301296,"stat.mineBlock.61":11,"stat.mineBlock.65":39,"stat.useItem.46":588,"stat.useItem.47":2,"stat.mineBlock.67":2,"stat.useItem.48":3,"stat.useItem.49":12,"stat.useItem.53":109,"stat.useItem.54":264,"stat.useItem.50":265,"stat.entityKilledBy.Zombie":19,"stat.damageDealt":344832,"stat.mineBlock.72":2,"stat.useItem.58":2,"stat.useItem.274":228,"stat.craftItem.261":3,"stat.useItem.20":1,"stat.useItem.152":5,"stat.mineBlock.46":1,"stat.useItem.397":2,"stat.mineBlock.49":1,"stat.useItem.275":937,"stat.useItem.154":28,"stat.mineBlock.48":6,"stat.walkOneCm":17231644,"stat.craftItem.265":881,"stat.useItem.278":1075,"stat.craftItem.266":178,"stat.useItem.277":178,"stat.craftItem.267":18,"stat.animalsBred":3,"stat.playerKills":2,"stat.craftItem.268":9,"stat.useItem.279":681,"stat.craftItem.380":1,"stat.craftItem.381":16,"stat.craftItem.258":2,"stat.craftItem.259":1,"stat.craftItem.139":150,"stat.useItem.24":101,"stat.mineBlock.44":207,"stat.craftItem.371":90,"stat.useItem.287":1,"stat.useItem.286":5,"achievement.ae2.Fluix":12,"stat.craftItem.257":1,"stat.breakItem.317":1,"stat.mineBlock.103":18,"stat.mineBlock.102":5,"stat.craftItem.126":3632,"stat.mineBlock.50":61,"stat.mineBlock.107":1,"stat.mineBlock.54":220,"stat.useItem.291":107,"stat.useItem.170":2,"stat.mineBlock.53":9,"stat.useItem.372":372,"stat.mineBlock.24":66,"stat.killEntity.Skeleton":214,"stat.useItem.258":250,"stat.useItem.257":364,"stat.useItem.139":53,"stat.useItem.259":24,"stat.killEntity.Chicken":3,"stat.craftItem.280":2036,"stat.killEntity.Spider":593,"stat.mobKills":1889,"stat.useItem.380":1,"stat.mineBlock.20":1,"stat.craftItem.272":15,"stat.craftItem.151":8,"stat.craftItem.152":8,"stat.useItem.383":3,"stat.craftItem.274":6,"stat.mineBlock.38":15,"stat.useItem.12":275,"stat.craftItem.275":12,"stat.craftItem.154":24,"stat.mineBlock.37":40,"stat.useItem.267":545,"stat.craftItem.155":4,"stat.craftItem.276":1,"stat.craftItem.277":2,"stat.mineBlock.39":2,"stat.craftItem.278":2,"stat.craftItem.279":1,"stat.craftItem.271":1,"stat.useItem.17":381,"stat.craftItem.148":3,"stat.useItem.13":252,"stat.mineBlock.31":399,"stat.useItem.272":719,"achievement.ae2.Networking1":1,"stat.useItem.271":44}