{"stat.useItem.65":6,"stat.useItem.61":3,"stat.craftItem.61":1,"stat.leaveGame":3,"achievement.fpmakegrill":1,"stat.entityKilledBy.Celebrity":7,"stat.craftItem.297":20,"stat.mineBlock.18":927,"stat.mineBlock.17":86,"stat.jump":966,"stat.swimOneCm":16712,"stat.useItem.126":29,"stat.fallOneCm":47728,"stat.climbOneCm":5897,"stat.craftItem.290":1,"stat.craftItem.1":8,"stat.craftItem.324":1,"achievement.exploreAllBiomes":{"value":0,"progress":["Plains","Taiga","Hell"]},"stat.mineBlock.12":1,"stat.useItem.295":5,"stat.useItem.44":13,"stat.entityKilledBy.Spider":2,"stat.craftItem.5":284,"stat.damageTaken":50860,"stat.mineBlock.4":127,"stat.mineBlock.5":262,"stat.mineBlock.3":9,"stat.mineBlock.61":2,"stat.useItem.54":4,"stat.flyOneCm":49218,"stat.useItem.50":16,"stat.entityKilledBy.Zombie":4,"achievement.fpmakecountertop":1,"stat.damageDealt":2770,"stat.mineBlock.126":17,"stat.killEntity.Blizz":1,"stat.useItem.274":137,"stat.walkOneCm":1615860,"stat.craftItem.265":16,"stat.craftItem.266":5,"stat.craftItem.268":4,"stat.craftItem.20":8,"stat.mineBlock.58":1,"stat.craftItem.371":39,"stat.useItem.324":1,"achievement.mineWood":69,"stat.mineBlock.50":12,"stat.craftItem.126":6,"achievement.fpinstall":38,"stat.useItem.290":3,"stat.mineBlock.54":1,"stat.breakItem.271":5,"stat.breakItem.274":1,"achievement.openInventory":193,"stat.craftItem.280":72,"stat.craftItem.281":4,"stat.craftItem.44":12,"stat.killEntity.Spider":1,"stat.mobKills":13,"stat.entityKilledBy.Blizz":1,"stat.craftItem.152":1,"stat.useItem.6":8,"stat.craftItem.274":3,"stat.deaths":33,"stat.useItem.12":119,"stat.drop":96,"stat.useItem.268":21,"stat.playOneMinute":378846,"stat.useItem.4":128,"stat.useItem.5":276,"stat.craftItem.54":3,"stat.craftItem.271":6,"stat.useItem.3":3,"stat.killEntity.Zombie":8,"stat.useItem.17":16,"stat.useItem.270":1,"stat.useItem.13":72,"stat.diveOneCm":28299,"stat.useItem.272":11,"stat.useItem.271":311}