{"stat.walkOneCm":148165,"achievement.openInventory":13,"stat.leaveGame":3,"stat.damageTaken":500,"stat.mineBlock.3":3,"stat.killEntity.Enderman":1,"stat.mobKills":2,"stat.flyOneCm":12398,"stat.useItem.287":1,"stat.ae2.ItemsInserted":21,"stat.deaths":1,"stat.drop":16,"stat.jump":99,"stat.swimOneCm":297,"stat.playOneMinute":26646,"stat.fallOneCm":3655,"stat.climbOneCm":1997,"stat.damageDealt":770,"stat.killEntity.Zombie":1,"stat.ae2.ItemsExtracted":73,"achievement.fpinstall":4,"stat.entityKilledBy.Enderman":1,"achievement.exploreAllBiomes":{"value":0,"progress":["Plains","Taiga"]},"stat.useItem.79":1}